,cluster_1,cluster_2,cluster_3,cluster_4,cluster_5
cluster_1,0.0,4.232732754845403,2.582341322479962,4.227814910553655,3.152687972738001
cluster_2,4.232732754845403,0.0,1.736795379228771,2.573046794057195,1.687942492011749
cluster_3,2.582341322479962,1.736795379228771,0.0,3.0080409059213484,1.5760903531431676
cluster_4,4.227814910553655,2.573046794057195,3.0080409059213484,0.0,1.4349387523766133
cluster_5,3.152687972738001,1.687942492011749,1.5760903531431676,1.4349387523766133,0.0
