,cluster_1,cluster_2,cluster_3,cluster_4,cluster_5
cluster_1,0.0,17.32757422660078,48.40365051728669,38.28929713796035,30.60732053823208
cluster_2,17.32757422660078,0.0,48.49619840900447,37.863318997803,32.328257894560636
cluster_3,48.40365051728669,48.49619840900447,0.0,53.64112238390671,50.73319632942139
cluster_4,38.28929713796035,37.863318997803,53.64112238390671,0.0,40.84048174617795
cluster_5,30.60732053823208,32.328257894560636,50.73319632942139,40.84048174617795,0.0
